,ID_shp,hotmaps_ID,constructionYear,GFA,demand,X_3035,Y_3035
1,0,1,1999,0,3911,4315283.534,3770696.022
2,1,2,1999,0,98135,4313872.067,3766666.297
3,2,3,1999,0,7790,4313476.167,3766805.253
4,3,4,1999,0,22845,4316093.705,3771013.763
5,4,5,1999,0,3241,4315856.968,3770570.045
6,5,6,1999,0,56015,4316881.724,3771557.023
7,6,7,1999,0,40887,4316554.399,3771695.392
8,7,8,1999,0,37328,4313206.501,3766743.958
9,13,9,1999,0,98307,4312773.759,3765898.741
10,14,10,1999,0,3309,4313013.123,3766275.717
11,15,11,1999,0,75414,4315361.568,3770457.117
12,16,12,1999,0,87841,4316867.273,3770110.266
13,17,13,1999,0,2401,4313347.386,3766910.904
14,18,14,1999,0,42248,4316179.166,3770998.726
15,19,15,1999,0,22931,4321146.864,3767545.925
16,20,16,1999,0,58658,4316749.171,3771740.726
17,21,17,1999,0,53208,4315674.431,3771840.378
18,22,18,1999,0,2622,4317374.054,3771614.779
19,23,19,1999,0,62587,4318002.991,3772924.625
20,24,20,1999,0,4839,4319630.993,3776237.631
21,25,21,1999,0,99680,4316925.412,3771669.769
22,26,22,1999,0,10206,4320159.823,3768254.073
23,27,23,1999,0,24474,4316257.365,3771667.498
24,28,24,1999,0,52009,4312960.471,3766412.444
25,29,25,1999,0,45328,4318968.6,3772333.256
26,30,26,1999,0,87284,4314837.967,3773535.652
27,31,27,1999,0,58061,4320081.695,3776198.407
28,32,28,1999,0,7835,4323425.759,3771920.749
29,33,29,1999,0,60754,4315643.04,3771059.92
30,34,30,1999,0,32022,4317057.049,3772407.017
31,35,31,1999,0,23038,4315660.622,3772273.7
32,36,32,1999,0,98447,4317795.397,3768521.361
33,37,33,1999,0,67523,4315734.845,3772412.985
34,38,34,1999,0,16412,4316540.31,3771623.181
35,39,35,1999,0,44835,4313530.714,3769212.681
36,40,36,1999,0,2692,4320613.068,3768159.785
37,41,37,1999,0,21319,4321938.412,3769524.263
38,43,38,1999,0,82364,4317716.312,3771896.348
39,45,39,1999,0,21466,4312935.237,3766098.061
40,46,40,1999,0,75647,4316293.678,3771667.349
41,48,41,1999,0,85096,4319694.886,3769433.086
42,49,42,1999,0,70851,4313331.157,3775476.926
43,50,43,1999,0,24163,4320463.071,3767737.187
44,52,44,1999,0,25607,4323958.108,3771842.196
45,53,45,1999,0,79996,4316255.349,3771501.976
46,54,46,1999,0,39053,4320086.574,3767985.212
47,55,47,1999,0,88492,4317384.039,3774746.899
48,56,48,1999,0,47400,4319478.421,3769251.746
49,57,49,1999,0,61528,4315861.63,3771748.286
50,58,50,1999,0,53076,4316516.239,3774380.818
51,59,51,1999,0,35113,4322717.808,3770522.476
52,60,52,1999,0,90710,4315139.208,3770630.083
53,63,53,1999,0,51255,4320550.509,3768257.102
54,64,54,1999,0,70002,4316627.465,3774598.314
55,68,55,1999,0,83703,4316016.952,3772165.953
56,69,56,1999,0,58797,4318566.229,3775375.229
57,70,57,1999,0,70938,4319178.306,3772190.22
58,71,58,1999,0,54011,4322292.056,3770054.22
59,72,59,1999,0,78966,4316140.666,3772041.864
60,73,60,1999,0,35170,4317792.275,3771721.334
61,74,61,1999,0,73203,4324591.266,3771709.495
62,75,62,1999,0,51405,4320695.974,3767258.685
63,76,63,1999,0,57155,4315669.548,3772353.742
64,77,64,1999,0,59923,4315271.943,3772356.251
65,78,65,1999,0,34880,4320416.887,3767598.344
66,79,66,1999,0,59957,4318952.397,3769276.752
67,80,67,1999,0,58040,4317459.422,3769232.222
68,81,68,1999,0,72689,4317666.999,3771818.004
69,82,69,1999,0,61575,4316600.594,3770136.817
70,83,70,1999,0,51457,4316465.819,3770140.309
71,84,71,1999,0,42419,4297271.96,3759966.632
72,85,72,1999,0,74130,4318148.697,3774541.995
73,86,73,1999,0,35116,4318194.625,3774804.594
74,87,74,1999,0,88961,4320616.935,3767629.402
75,88,75,1999,0,45893,4328005.48,3774479.468
76,89,76,1999,0,1195,4324215.612,3771853.894
77,90,77,1999,0,29456,4319426.538,3768953.13
78,91,78,1999,0,32698,4319034.38,3771749.537
79,92,79,1999,0,54649,4318428.011,3775933.164
80,93,80,1999,0,4621,4319088.429,3771726.772
81,94,81,1999,0,89695,4323639.161,3772410.124
82,95,82,1999,0,59056,4322065.927,3769498.472
83,96,83,1999,0,73078,4318734.284,3768485.853
84,97,84,1999,0,79618,4316947.784,3770526.854
85,98,85,1999,0,18932,4313989.861,3768734.523
86,99,86,1999,0,41430,4324139.483,3771718.683
87,100,87,1999,0,68655,4315711.052,3772220.567
88,101,88,1999,0,94944,4321248.993,3769353.529
89,102,89,1999,0,87836,4319370.044,3768010.942
90,103,90,1999,0,82347,4315677.205,3772418.321
91,104,91,1999,0,96632,4316459.345,3770107.223
92,105,92,1999,0,53144,4319900.933,3767920.422
93,107,93,1999,0,76664,4319493.015,3769647.167
94,108,94,1999,0,88188,4316308.184,3771714.019
95,109,95,1999,0,6833,4319678.645,3768680.25
96,110,96,1999,0,25096,4316884.376,3770239.21
97,112,97,1999,0,58644,4322154.746,3769721.169
98,113,98,1999,0,56936,4315669.244,3772307.764
99,114,99,1999,0,75350,4318743.912,3772242.202
100,115,100,1999,0,46365,4314592.929,3768008.364
101,116,101,1999,0,96064,4315529.941,3772307.153
102,117,102,1999,0,54327,4313034.293,3765976.641
103,118,103,1999,0,4692,4319212.111,3776140.472
104,119,104,1999,0,99331,4319112.016,3771682.444
105,120,105,1999,0,44489,4314877.564,3774838.237
106,123,106,1999,0,69718,4319023.324,3771809.642
107,124,107,1999,0,86875,4315994.469,3773025.354
108,125,108,1999,0,39820,4318855.389,3776199.767
109,126,109,1999,0,97147,4321115.112,3767156.619
110,127,110,1999,0,77279,4324544.616,3771406.863
111,128,111,1999,0,52491,4315594.368,3772272.156
112,129,112,1999,0,59403,4316625.226,3770292.206
113,130,113,1999,0,94920,4324356.141,3771947.607
114,131,114,1999,0,8102,4314457.705,3768796.092
115,132,115,1999,0,45854,4321074.952,3769211.129
116,134,116,1999,0,97465,4318780.184,3768371.811
117,135,117,1999,0,59705,4316703.599,3770134.577
118,136,118,1999,0,97084,4300799.583,3765732.639
119,137,119,1999,0,89222,4316103.145,3772065.517
120,138,120,1999,0,40123,4322329.528,3769625.419
121,139,121,1999,0,62393,4319673.85,3768895.463
122,140,122,1999,0,57078,4316518.319,3770485.969
123,141,123,1999,0,85970,4319962.511,3767948.026
124,142,124,1999,0,87456,4318277.966,3773681.163
125,143,125,1999,0,98383,4314797.588,3768576.255
126,144,126,1999,0,54253,4313469.188,3766578.245
127,145,127,1999,0,85859,4343241.333,3773139.1
128,146,128,1999,0,80789,4320590.294,3768355.043
129,147,129,1999,0,85533,4331423.556,3773424.424
130,148,130,1999,0,57480,4314746.792,3768888.101
131,150,131,1999,0,25590,4313836.093,3766539.843
132,152,132,1999,0,42582,4315750.318,3771323.201
133,153,133,1999,0,18774,4316622.728,3771759.947
134,157,134,1999,0,38489,4316682.931,3771359.709
135,158,135,1999,0,60194,4317152.817,3771558.849
136,159,136,1999,0,2124,4315777.574,3772300.46
137,160,137,1999,0,23637,4319697.901,3769298.622
138,162,138,1999,0,74451,4315635.206,3771809.328
139,163,139,1999,0,55924,4316891.239,3770490.041
140,164,140,1999,0,40297,4318773.108,3775972.31
141,166,141,1999,0,15619,4320182.985,3768144.669
142,168,142,1999,0,89461,4322285.64,3769611.679
143,170,143,1999,0,34211,4318518.941,3772204.889
144,171,144,1999,0,90289,4312400.594,3761530.627
145,172,145,1999,0,66684,4313765.515,3774361.353
146,173,146,1999,0,4738,4315732.462,3771289.131
147,174,147,1999,0,12204,4317857.246,3768508.037
148,175,148,1999,0,85310,4312787.192,3766154.11
149,176,149,1999,0,7095,4317658.635,3771536.575
150,177,150,1999,0,3708,4317161.213,3770269.526
151,178,151,1999,0,3192,4313032.082,3766155.351
152,179,152,1999,0,23505,4316439.842,3771641.384
153,180,153,1999,0,62373,4314923.57,3767518.038
154,181,154,1999,0,84416,4315816.772,3771228.359
155,183,155,1999,0,21217,4316229.628,3771593.426
156,186,156,1999,0,12262,4313194.441,3766972.961
157,189,157,1999,0,89647,4315152.666,3758582.359
158,190,158,1999,0,87400,4315935.536,3771616.568
159,191,159,1999,0,92771,4316172.545,3771840.36
160,192,160,1999,0,48822,4318892.227,3782179.58
161,193,161,1999,0,76364,4314532.818,3767894.865
162,194,162,1999,0,42858,4312869.425,3766281.212
163,195,163,1999,0,15232,4313711.404,3766745.737
164,197,164,1999,0,8567,4318548.883,3770244.387
165,201,165,1999,0,78426,4316368.006,3771068.483
166,208,166,1999,0,12778,4315683.175,3770246.329
167,209,167,1999,0,60533,4318219.706,3774787.688
168,210,168,1999,0,5462,4315350.56,3772333.45
169,217,169,1999,0,42598,4313362.202,3766513.757
170,218,170,1999,0,47055,4318993.428,3771843.788
171,232,171,1999,0,38806,4317639.818,3770289.624
172,233,172,1999,0,64765,4317048.355,3771553.276
173,234,173,1999,0,77827,4313577.87,3767032.173
174,235,174,1999,0,59883,4315837.034,3769173.771
175,236,175,1999,0,35119,4315931.85,3772921.359
176,237,176,1999,0,4646,4318829.289,3772081.512
177,238,177,1999,0,47736,4318280.325,3774730.059
178,239,178,1999,0,60244,4317597.886,3771494.506
179,240,179,1999,0,90224,4315479.564,3770526.528
180,241,180,1999,0,24383,4316823.836,3771708.696
181,242,181,1999,0,20441,4317685.122,3769178.012
182,243,182,1999,0,65193,4317683.107,3771626.344
183,244,183,1999,0,86453,4316484.398,3768838.727
184,245,184,1999,0,41149,4316262.369,3771930.917
185,246,185,1999,0,12092,4313352.964,3767191.281
186,247,186,1999,0,55801,4320207.847,3767905.307
187,248,187,1999,0,19788,4316354.547,3770893.723
188,249,188,1999,0,55136,4315875.752,3772293.474
189,250,189,1999,0,49810,4319294.593,3769467.632
190,251,190,1999,0,17885,4316403.897,3770619.397
191,253,191,1999,0,66457,4317860.928,3771871.363
192,254,192,1999,0,74473,4318863.509,3768688.577
193,255,193,1999,0,47473,4320327.806,3767874.433
194,256,194,1999,0,45891,4316695.022,3770426.749
195,257,195,1999,0,6165,4316095.749,3772992.178
196,258,196,1999,0,4958,4317153.192,3770449.935
197,259,197,1999,0,79970,4316476.05,3769783.311
198,260,198,1999,0,13325,4318524.994,3775872.615
199,261,199,1999,0,54492,4315913.381,3771288.546
200,262,200,1999,0,25484,4317247.198,3771620.076
201,263,201,1999,0,13266,4315819.129,3771213.614
202,265,202,1999,0,78308,4322811.516,3771084.874
203,266,203,1999,0,23738,4320001.777,3769515.934
204,267,204,1999,0,4131,4315444.341,3771902.072
205,268,205,1999,0,20902,4316094.905,3771502.114
206,269,206,1999,0,8319,4319561.906,3768153.686
207,271,207,1999,0,35152,4316099.461,3771985.758
208,272,208,1999,0,55001,4313504.61,3768317.293
209,273,209,1999,0,14397,4315284.72,3771112.468
210,274,210,1999,0,62936,4314637.211,3769032.062
211,275,211,1999,0,13944,4315997.957,3764265.833
212,278,212,1999,0,24823,4320292.248,3767775.83
213,279,213,1999,0,8012,4313410.817,3775549.793
214,280,214,1999,0,52874,4320146.504,3767908.032
215,281,215,1999,0,64326,4311956.842,3763418.802
216,282,216,1999,0,47446,4318548.658,3770302.785
217,283,217,1999,0,83307,4320268.442,3767976.57
218,284,218,1999,0,28715,4328181.695,3753991.622
219,285,219,1999,0,78527,4319799.364,3776006.373
220,286,220,1999,0,48123,4314752.079,3773607
221,287,221,1999,0,48137,4320141.845,3767972.102
222,288,222,1999,0,40813,4313986.094,3774456.246
223,324,223,1999,0,37222,4312217.603,3762188.687
224,325,224,1999,0,78127,4313296.31,3766319.327
225,329,225,1999,0,94004,4316533.408,3769242.905
226,330,226,1999,0,10211,4319689.854,3775971.565
227,331,227,1999,0,22565,4316285.647,3770997.935
228,334,228,1999,0,63663,4314773.396,3773410.558
229,335,229,1999,0,70972,4321144.327,3769123.077
230,336,230,1999,0,38268,4315876.557,3771354.983
231,337,231,1999,0,64782,4316944.732,3770353.512
232,338,232,1999,0,74879,4317259.838,3771728.717
233,339,233,1999,0,99350,4320772.092,3766736.629
234,340,234,1999,0,5995,4319638.625,3768134.747
235,341,235,1999,0,11418,4316331.568,3771754.874
236,342,236,1999,0,40425,4318878.178,3769318.67
237,343,237,1999,0,86035,4315838.132,3771595.11
238,345,238,1999,0,25588,4322941.441,3771360.194
239,346,239,1999,0,32710,4298513.795,3764264.145
240,347,240,1999,0,12951,4314387.854,3768938.635
241,348,241,1999,0,83761,4318548.611,3770188.974
242,349,242,1999,0,6378,4319689.966,3768248.31
243,350,243,1999,0,9755,4319707.502,3768365.745
244,351,244,1999,0,69840,4313888.821,3774760.127
245,352,245,1999,0,27129,4314354.794,3767969.211
246,353,246,1999,0,9996,4317931.551,3774190.999
247,354,247,1999,0,37356,4324177.428,3772047.076
248,355,248,1999,0,36572,4318890.551,3769253.388
249,356,249,1999,0,16862,4317979.224,3773729.524
250,357,250,1999,0,16608,4317590.182,3771761.339
251,358,251,1999,0,66384,4317809.086,3771936.06
252,359,252,1999,0,91317,4315475.425,3770514.705
253,360,253,1999,0,44362,4331463.488,3773343.526
254,361,254,1999,0,4183,4317929.82,3768401.021
255,362,255,1999,0,94777,4319631.701,3768365.992
256,363,256,1999,0,15167,4314199.714,3774559.345
257,369,257,1999,0,90458,4315701.313,3771731.131
258,370,258,1999,0,82523,4314539.657,3769215.613
259,371,259,1999,0,20007,4314748.85,3767750.196
260,377,260,1999,0,45634,4318625.422,3769060.473
261,378,261,1999,0,69595,4319574.696,3768203.6
262,380,262,1999,0,5848,4316502.67,3772551.343
263,381,263,1999,0,99956,4323020.986,3779216.605
264,382,264,1999,0,86727,4322842.682,3770729.402
265,392,265,1999,0,96186,4313674.359,3767041.965
266,393,266,1999,0,88838,4315202.726,3770766.787
267,394,267,1999,0,27840,4318345.949,3775014.866
268,395,268,1999,0,79217,4317262.609,3771673.899
269,463,269,1999,0,10196,4311990.753,3762218.873
270,464,270,1999,0,53996,4315731.592,3771727.852
271,466,271,1999,0,48279,4316139.83,3770956.665
272,467,272,1999,0,59021,4316907.988,3766985.298
273,468,273,1999,0,49442,4315609.523,3771718.196
274,469,274,1999,0,14383,4314871.127,3768675.186
275,470,275,1999,0,99857,4318677.031,3781458.115
276,472,276,1999,0,53195,4316280.352,3772947.085
277,478,277,1999,0,79709,4329556.536,3774352.746
278,479,278,1999,0,41238,4314226.887,3768725.901
279,480,279,1999,0,3525,4315738.187,3771795.836
280,498,280,1999,0,56864,4315506.391,3772435.309
281,505,281,1999,0,40868,4319783.09,3775885.715
282,506,282,1999,0,40798,4312444.111,3761866.798
283,507,283,1999,0,10764,4314901.509,3773610.412
284,508,284,1999,0,70289,4318293.889,3774797.799
285,509,285,1999,0,80105,4315796.054,3773017.919
286,510,286,1999,0,19801,4323642.287,3772519.241
287,511,287,1999,0,46712,4317088.832,3770490.1
288,512,288,1999,0,19013,4315650.994,3772501.643
289,513,289,1999,0,36408,4315461.126,3770497.844
290,514,290,1999,0,26815,4316797.871,3771646.142
291,515,291,1999,0,99593,4328216.151,3753321.826
292,518,292,1999,0,47496,4320551.628,3768165.42
293,519,293,1999,0,11039,4323715.056,3772530.718
294,520,294,1999,0,54731,4320302.164,3767738.318
295,521,295,1999,0,24926,4317551.21,3768895.962
296,522,296,1999,0,48254,4318196.053,3771980.087
297,523,297,1999,0,53716,4318829.633,3783962.969
298,524,298,1999,0,42059,4320886.03,3770835.05
299,525,299,1999,0,90701,4323893.758,3767422.827
300,526,300,1999,0,93550,4314526.517,3768595.558
301,527,301,1999,0,79850,4324099.644,3771797.179
302,528,302,1999,0,87705,4311939.906,3762429.633
303,529,303,1999,0,60677,4314980.467,3770688.999
304,530,304,1999,0,14854,4323768.941,3767820.629
305,531,305,1999,0,61142,4316344.59,3771771.404
306,532,306,1999,0,94554,4314351.601,3772524.589
307,533,307,1999,0,57147,4314722.345,3768177.832
308,534,308,1999,0,8162,4312072.36,3762063.785
309,536,309,1999,0,83026,4324057.82,3771898.77
310,538,310,1999,0,8496,4314990.5,3768867.356
311,540,311,1999,0,34912,4316224.522,3771071.652
312,541,312,1999,0,88544,4314667.863,3769100.096
313,542,313,1999,0,60276,4313689.102,3767104.914
314,543,314,1999,0,22390,4316634.737,3771050.236
315,544,315,1999,0,32375,4314193.768,3774595.799
316,546,316,1999,0,65954,4316637.293,3771150.819
317,547,317,1999,0,11098,4316943.312,3770775.811
318,548,318,1999,0,13095,4316727.381,3771159.701
319,549,319,1999,0,9626,4313724.131,3774388.029
320,550,320,1999,0,86068,4322531.242,3769930.213
321,552,321,1999,0,51911,4322445.657,3777833.269
322,553,322,1999,0,41075,4318438.678,3775350.366
323,554,323,1999,0,15177,4314443.652,3768912.878
324,555,324,1999,0,83790,4316379.311,3772521.289
325,556,325,1999,0,75144,4313325.332,3766461.503
326,558,326,1999,0,50075,4314702.786,3767850.428
327,559,327,1999,0,78903,4315484.481,3770594.126
328,562,328,1999,0,12034,4298743.875,3764531.28
329,563,329,1999,0,23984,4317892.869,3770983.129
330,564,330,1999,0,73273,4327105.287,3765960.235
331,565,331,1999,0,33816,4318166.936,3772209.274
332,566,332,1999,0,28013,4320282.179,3767847.905
333,567,333,1999,0,24578,4317983.593,3772076.709
334,568,334,1999,0,90170,4299705.338,3765337.028
335,569,335,1999,0,10477,4315848.318,3758597.231
336,570,336,1999,0,33675,4311455.082,3763373.4
337,571,337,1999,0,52420,4314320.253,3772482.191
338,572,338,1999,0,5589,4316485.293,3771201.514
339,573,339,1999,0,96612,4316258.138,3771985.316
340,574,340,1999,0,63413,4316545.167,3771164.804
341,576,341,1999,0,76645,4317403.073,3771556.321
342,577,342,1999,0,6868,4317337.167,3768985.7
343,578,343,1999,0,45453,4316203.067,3771760.074
344,579,344,1999,0,83314,4288144.914,3764690.104
345,582,345,1999,0,90721,4316507.34,3772644.379
346,583,346,1999,0,59173,4317467.281,3768854.21
347,584,347,1999,0,87962,4317596.634,3771693.915
348,585,348,1999,0,38398,4317746.137,3769627.556
349,586,349,1999,0,75489,4316777.767,3770891.176
350,587,350,1999,0,84460,4314924.882,3768738.987
351,588,351,1999,0,1419,4316518.049,3770582.336
352,589,352,1999,0,41015,4316692.213,3770034.252
353,590,353,1999,0,14218,4314888.348,3761065.687
354,592,354,1999,0,68824,4320161.801,3767611.283
355,593,355,1999,0,10384,4315756.167,3771697.612
356,594,356,1999,0,83204,4314817.42,3774875.051
357,597,357,1999,0,83243,4317993.754,3769946.485
358,598,358,1999,0,42861,4315387.442,3770259.917
359,599,359,1999,0,11155,4314744.124,3767966.299
360,600,360,1999,0,83005,4318966.336,3775996.812
361,601,361,1999,0,47076,4316054,3773867.528
362,603,362,1999,0,94337,4314454.18,3768045.441
363,604,363,1999,0,3188,4316523.195,3771877.418
364,607,364,1999,0,30854,4315612.722,3771391.165
365,608,365,1999,0,58001,4321032.083,3769156.928
366,609,366,1999,0,20384,4315674.002,3772070.077
367,612,367,1999,0,26135,4316294.151,3771793.866
368,619,368,1999,0,18386,4319145.968,3771640.783
369,621,369,1999,0,35365,4316562.668,3768294.896
370,622,370,1999,0,58926,4319352.032,3768141.038
371,624,371,1999,0,38830,4320200.369,3768005.887
372,625,372,1999,0,90235,4317527.891,3771015.234
373,627,373,1999,0,52960,4319291.857,3772104.673
374,629,374,1999,0,57346,4313313.35,3768904.871
375,630,375,1999,0,85477,4319351.259,3769263.426
376,631,376,1999,0,28222,4312306.798,3762220.204
377,632,377,1999,0,26300,4317161.577,3771698.668
378,633,378,1999,0,92304,4321718.816,3769116.769
379,634,379,1999,0,68176,4321544.88,3769096.125
380,635,380,1999,0,67066,4317563.171,3774414.099
381,636,381,1999,0,56058,4313831.685,3770385.964
382,637,382,1999,0,89455,4328073.953,3774372.458
383,638,383,1999,0,7012,4319567.339,3769032.767
384,639,384,1999,0,26096,4315700.88,3771377.699
385,640,385,1999,0,71403,4315042.074,3770683.025
386,641,386,1999,0,14660,4323605.015,3772418.019
387,642,387,1999,0,94724,4324014.162,3771694.125
388,644,388,1999,0,61038,4320171.726,3768046.881
389,645,389,1999,0,39272,4316738.697,3770835.129
390,646,390,1999,0,33678,4316743.03,3772543.193
391,647,391,1999,0,29425,4318539.586,3775516.371
392,650,392,1999,0,23551,4316366.204,3771667.662
393,656,393,1999,0,86922,4315744.676,3771794.382
394,657,394,1999,0,81571,4317690.857,3769353.975
395,658,395,1999,0,54671,4316658.513,3770514.639
396,659,396,1999,0,79355,4319175.324,3771601.278
397,660,397,1999,0,95342,4320056.699,3767931.35
398,661,398,1999,0,37306,4316531.921,3770374.017
399,662,399,1999,0,86869,4309675.105,3766852.402
400,663,400,1999,0,87694,4298814.814,3764801.162
401,664,401,1999,0,52606,4315474.087,3770506.799
402,665,402,1999,0,65595,4315925.069,3769192.937
403,666,403,1999,0,15819,4316293.095,3773159.041
404,667,404,1999,0,8975,4323930.389,3767500.964
405,668,405,1999,0,79693,4313224.658,3766542.12
406,669,406,1999,0,48286,4317695.108,3788102.147
407,670,407,1999,0,29799,4319148.464,3772144.693
408,671,408,1999,0,22058,4316497.036,3770317.169
409,672,409,1999,0,58198,4315293.162,3772405.163
410,673,410,1999,0,85354,4315429.243,3768822.506
411,674,411,1999,0,53282,4315678.868,3772449.838
412,676,412,1999,0,49089,4318464.788,3772157.798
413,677,413,1999,0,63133,4317190.985,3770588.962
414,678,414,1999,0,95401,4318793.713,3767719.527
415,679,415,1999,0,89131,4313380.869,3766654.515
416,680,416,1999,0,5018,4317478.793,3769469.329
417,681,417,1999,0,40720,4312578.491,3761358.79
418,682,418,1999,0,46956,4317405.46,3770839.465
419,683,419,1999,0,82496,4319348.179,3773348.676
420,684,420,1999,0,14326,4316451.022,3768611.527
421,686,421,1999,0,8687,4316159.676,3767152.274
422,687,422,1999,0,91524,4316300.357,3773127.005
423,688,423,1999,0,99568,4320201.648,3768038.449
424,689,424,1999,0,4868,4316268.496,3771064.555
425,690,425,1999,0,49592,4319814.69,3768013.117
426,691,426,1999,0,68997,4318525.782,3775335.314
427,692,427,1999,0,76373,4314932.016,3767495.019
428,693,428,1999,0,88328,4316260.46,3770963.853
429,694,429,1999,0,18695,4329427.414,3774450.426
430,695,430,1999,0,89685,4329476.063,3774418.749
431,696,431,1999,0,88831,4314524.332,3770238.105
432,697,432,1999,0,68840,4320042.899,3769542.537
433,698,433,1999,0,21789,4316456.213,3772590.526
434,699,434,1999,0,48763,4313891.496,3772621.826
435,700,435,1999,0,27173,4311932.169,3762124.706
436,701,436,1999,0,19692,4322808.682,3770778.65
437,702,437,1999,0,70166,4316064.25,3767345.621
438,703,438,1999,0,5672,4319314.277,3769525.23
439,704,439,1999,0,7973,4309439.876,3767261.067
440,705,440,1999,0,29319,4316721.64,3772509.875
441,706,441,1999,0,58385,4316091.089,3771881.273
442,707,442,1999,0,13265,4324448.298,3770469.304
443,708,443,1999,0,49537,4316513.341,3768221.637
444,709,444,1999,0,59751,4315313.733,3771806.611
445,710,445,1999,0,29792,4316410.842,3771887.609
446,711,446,1999,0,74637,4319633.398,3768235.184
447,712,447,1999,0,70430,4318800.698,3776333.094
448,713,448,1999,0,15680,4316333.531,3769117.061
449,714,449,1999,0,86404,4314528.658,3768957.705
450,715,450,1999,0,4890,4313934.284,3767013.232
451,716,451,1999,0,8345,4315463.558,3770518.226
452,717,452,1999,0,10344,4320483.367,3767599.622
453,718,453,1999,0,18416,4315940.038,3769509.063
454,720,454,1999,0,51232,4315678.868,3772449.828
455,721,455,1999,0,31353,4319435.028,3768160.845
456,722,456,1999,0,12042,4312179.459,3764704.094
457,723,457,1999,0,33626,4313552.847,3767204.178
458,724,458,1999,0,4296,4317085.293,3773108.432
459,725,459,1999,0,93163,4316271.992,3771592.02
460,726,460,1999,0,51235,4318945.996,3776340.117
461,727,461,1999,0,76734,4316684.392,3771759.888
462,728,462,1999,0,64264,4315152.706,3770711.878
463,729,463,1999,0,10444,4321508.023,3770211.747
464,730,464,1999,0,5011,4314879.822,3761012.061
465,731,465,1999,0,58774,4315350.343,3772279.695
466,732,466,1999,0,49984,4329370.839,3753298.247
467,733,467,1999,0,83306,4315526.631,3770003.432
468,734,468,1999,0,8745,4315664.263,3771202.067
469,735,469,1999,0,48244,4318329.174,3772106.178
470,736,470,1999,0,89783,4334485.379,3763481.034
471,737,471,1999,0,1556,4311989.509,3762175.625
472,738,472,1999,0,3775,4317594.096,3771349.419
473,739,473,1999,0,83358,4317205.674,3771675.379
474,741,474,1999,0,81075,4318359.691,3773853.845
475,742,475,1999,0,65283,4317683.965,3769411.941
476,744,476,1999,0,59463,4317742.301,3769388.504
477,745,477,1999,0,37486,4315896.086,3772029.915
478,746,478,1999,0,26451,4319567.388,3768325.365
479,747,479,1999,0,41144,4317169.507,3770561.951
480,748,480,1999,0,75430,4316023.763,3771652.251
481,749,481,1999,0,46384,4316409.203,3768513.424
482,750,482,1999,0,62107,4327149.416,3766524.881
483,751,483,1999,0,8041,4314539.34,3768882.913
484,755,484,1999,0,67266,4316277.365,3771817.047
485,756,485,1999,0,16075,4316070.751,3771152.574
486,757,486,1999,0,57736,4322102.566,3769998.826
487,758,487,1999,0,85506,4316412.699,3769796.727
488,759,488,1999,0,19670,4315865.664,3771943.5
489,764,489,1999,0,92120,4324173.244,3771343.636
490,767,490,1999,0,48012,4316383.509,3769507.303
491,768,491,1999,0,37434,4315598.751,3768777.354
492,769,492,1999,0,32833,4322796.528,3779196.867
493,770,493,1999,0,49949,4316057.238,3771728.278
494,771,494,1999,0,60675,4316309.354,3771055.386
495,772,495,1999,0,17195,4316559.23,3771764.65
496,773,496,1999,0,95245,4314024.543,3774579.852
497,774,497,1999,0,12814,4315994.525,3771889.055
498,775,498,1999,0,43424,4316442.953,3771583.024
499,776,499,1999,0,81456,4317784.601,3771915.75
500,777,500,1999,0,86278,4313177.473,3766171.129
501,778,501,1999,0,90118,4304660.326,3767062.838
502,779,502,1999,0,15658,4312147.869,3762890.346
503,780,503,1999,0,48033,4316236.448,3772915.883
504,781,504,1999,0,85848,4314224.709,3757171.94
505,782,505,1999,0,39161,4343535.819,3772718.892
506,783,506,1999,0,5344,4317776.06,3771616.844
507,784,507,1999,0,25030,4315141.931,3773784.705
508,785,508,1999,0,18152,4317063.932,3771726.275
509,786,509,1999,0,43448,4321012.072,3765394.876
510,787,510,1999,0,78658,4316351.979,3772830.741
511,788,511,1999,0,32617,4314541.281,3768651.021
512,789,512,1999,0,61739,4316307.95,3767111.158
513,791,513,1999,0,56498,4320326.672,3767920.692
514,792,514,1999,0,48371,4323846.392,3768397.251
515,793,515,1999,0,60366,4316273.33,3772877.299
516,794,516,1999,0,55039,4318642.611,3769268.249
517,795,517,1999,0,8279,4315491.803,3773459.716
518,796,518,1999,0,57045,4314592.482,3767882.084
519,798,519,1999,0,17717,4328549.915,3765867.938
520,799,520,1999,0,77301,4322042.614,3770033.513
521,801,521,1999,0,39911,4313191.506,3766185.597
522,802,522,1999,0,68555,4299154.62,3764222.245
523,803,523,1999,0,13515,4316735.376,3770498.628
524,804,524,1999,0,11746,4316063.165,3771188.434
525,805,525,1999,0,49974,4317896.49,3771030.618
526,806,526,1999,0,2711,4316109.254,3771456.132
527,807,527,1999,0,88705,4319432.898,3768087.329
528,808,528,1999,0,14456,4313756.006,3767022.309
529,809,529,1999,0,33119,4321189.857,3769106.052
530,810,530,1999,0,6873,4315714.874,3771422.318
531,811,531,1999,0,42160,4320012.806,3767952.729
532,812,532,1999,0,67871,4316888.001,3770332.721
533,813,533,1999,0,46353,4315978.227,3769502.251
534,814,534,1999,0,92045,4319214.608,3772024.07
535,815,535,1999,0,54349,4318117.072,3772177.391
536,816,536,1999,0,62352,4321940.29,3769832.341
537,817,537,1999,0,77094,4317713.45,3769642.104
538,818,538,1999,0,15152,4318564.798,3769106.06
539,819,539,1999,0,91681,4315475.059,3774099.203
540,820,540,1999,0,92636,4317030.821,3771761.077
541,821,541,1999,0,44070,4318319.41,3775172.667
542,823,542,1999,0,75922,4318722.566,3776305.012
543,825,543,1999,0,6122,4323989.203,3758915.021
544,827,544,1999,0,36738,4309661.185,3767012.702
545,828,545,1999,0,64423,4319819.789,3767951.079
546,829,546,1999,0,9692,4319493.786,3768082.943
547,830,547,1999,0,28335,4317599.721,3769580.959
548,831,548,1999,0,31785,4321488.013,3768851.083
549,832,549,1999,0,95887,4316693.441,3770488.325
550,833,550,1999,0,42985,4299067.639,3764696.075
551,834,551,1999,0,88168,4322841.314,3770767.909
552,835,552,1999,0,9301,4316420.107,3768033.526
553,836,553,1999,0,1280,4299114.624,3764682.577
554,838,554,1999,0,30384,4318764.466,3772202.755
555,840,555,1999,0,24337,4323546.058,3778531.611
556,841,556,1999,0,43026,4315503.822,3769999.697
557,842,557,1999,0,71186,4315488.322,3774097.351
558,843,558,1999,0,8045,4316391.005,3771656.257
559,844,559,1999,0,59523,4323633.535,3772392.567
560,845,560,1999,0,17184,4318317.158,3772106.353
561,846,561,1999,0,32124,4320331.558,3767982.704
562,847,562,1999,0,80624,4317272.391,3771565.751
563,849,563,1999,0,30402,4320722.483,3766064.478
564,850,564,1999,0,59800,4318899.979,3770305.165
565,855,565,1999,0,38297,4319750.695,3768345.725
566,857,566,1999,0,34653,4313309.056,3766569.458
567,858,567,1999,0,92749,4318329.778,3772237.46
568,859,568,1999,0,22723,4313112.759,3766059.234
569,860,569,1999,0,9971,4318798.023,3781448.773
570,863,570,1999,0,79685,4339067.541,3766568.687
571,864,571,1999,0,64928,4313334.475,3766602.319
572,866,572,1999,0,19274,4316327.435,3771015.995
573,867,573,1999,0,81863,4322453.501,3778397.099
574,868,574,1999,0,23893,4316618.201,3770347.256
575,873,575,1999,0,58502,4312986.611,3766216.806
576,874,576,1999,0,4334,4313914.668,3770402.108
577,878,577,1999,0,20336,4298922.786,3764905.991
578,883,578,1999,0,23583,4319768.804,3768287.146
579,884,579,1999,0,47138,4319820.509,3768049.98
580,885,580,1999,0,11339,4316799.856,3771562.303
581,886,581,1999,0,89085,4314811.925,3774679.929
582,887,582,1999,0,21399,4317419.113,3769157.234
583,888,583,1999,0,13018,4317137.898,3773108.724
584,889,584,1999,0,83915,4313482.248,3767274.543
585,890,585,1999,0,33558,4316757.437,3771273.754
586,891,586,1999,0,23987,4316039.172,3771947.01
587,892,587,1999,0,63231,4313132.686,3766507.776
588,894,588,1999,0,66276,4317229.905,3771554.807
589,895,589,1999,0,21540,4317058.586,3771128.82
590,896,590,1999,0,33698,4318761.895,3783967.646
591,897,591,1999,0,90446,4319760.14,3768222.88
592,898,592,1999,0,24823,4316768.187,3771500.752
593,899,593,1999,0,12113,4313415.08,3767103.848
594,900,594,1999,0,97183,4317111.107,3768800.105
595,901,595,1999,0,15394,4328834.352,3773807.216
596,902,596,1999,0,41409,4315246.651,3770747.509
597,904,597,1999,0,95421,4315725.527,3773001.607
598,905,598,1999,0,35522,4298695.083,3764737.418
599,906,599,1999,0,70525,4316147.836,3771896.967
600,907,600,1999,0,98136,4300943.438,3765684.984
601,908,601,1999,0,13591,4317490.522,3774815.733
602,909,602,1999,0,82521,4318729.15,3768477.273
603,910,603,1999,0,99920,4314057.337,3766449.438
604,919,604,1999,0,63474,4316502.03,3770833.39
605,919,605,1999,0,36856,4317032.734,3770918.912
606,928,606,1999,0,68732,4316099.962,3771750.762
607,929,607,1999,0,61590,4317797.782,3771438.524
608,930,608,1999,0,89620,4327147.278,3765939.68
609,931,609,1999,0,30155,4316402.314,3771424.81
610,932,610,1999,0,50217,4314665.376,3769201.043
611,934,611,1999,0,76846,4321475.77,3769034.333
612,935,612,1999,0,70490,4326000.867,3778477.789
613,936,613,1999,0,45238,4319386.075,3776083.466
614,937,614,1999,0,4620,4313905.744,3774380.671
615,938,615,1999,0,92422,4317646.025,3768552.451
616,939,616,1999,0,72266,4317180.498,3771361.384
617,940,617,1999,0,16090,4315867.465,3773009.104
618,941,618,1999,0,22026,4313534.205,3767621.817
619,942,619,1999,0,75941,4314850.378,3768864.707
620,943,620,1999,0,29894,4318690.989,3772134.18
621,944,621,1999,0,37249,4319345.664,3775865.891
622,946,622,1999,0,71992,4318581.864,3787559.914
623,947,623,1999,0,11220,4314856.919,3767592.565
624,948,624,1999,0,98446,4315253.112,3770665.543
625,949,625,1999,0,38267,4316479.598,3770941.522
626,950,626,1999,0,46344,4331804.961,3772709.718
627,951,627,1999,0,97267,4316234.418,3771823.819
628,952,628,1999,0,87964,4315046.683,3773783.253
629,953,629,1999,0,71407,4313795.115,3768976.624
630,954,630,1999,0,51568,4315447.657,3770253.314
631,955,631,1999,0,77576,4318823.708,3769628.881
632,958,632,1999,0,57117,4315819.467,3772967.789
633,959,633,1999,0,16951,4313497.064,3766481.376
634,960,634,1999,0,3016,4314492.1,3767841.808
635,961,635,1999,0,64054,4317092.636,3771419.6
636,962,636,1999,0,62473,4314641.869,3768836.628
637,963,637,1999,0,72087,4314856.668,3774426.012
638,964,638,1999,0,69851,4312586.448,3761438.54
639,965,639,1999,0,52953,4320144.493,3767813.957
640,966,640,1999,0,85579,4320961.874,3766205.187
641,967,641,1999,0,52022,4321485.285,3768762.076
642,968,642,1999,0,88042,4318659.66,3770625.232
643,969,643,1999,0,12655,4322849.638,3770939.164
644,970,644,1999,0,33127,4326897.382,3780616.693
645,971,645,1999,0,32377,4313850.479,3770477.277
646,972,646,1999,0,40011,4314834.811,3774918.351
647,973,647,1999,0,11558,4313358.434,3775897.543
648,974,648,1999,0,6808,4316332.397,3767089.984
649,975,649,1999,0,13276,4316214.001,3771688.147
650,977,650,1999,0,8062,4318047.62,3773743.897
651,978,651,1999,0,28504,4322265.435,3769855.629
652,979,652,1999,0,25861,4321005.566,3765401.977
653,980,653,1999,0,20841,4315475.648,3772421.306
654,981,654,1999,0,21192,4315572.221,3771236.187
655,982,655,1999,0,32502,4316363.587,3767071.021
656,983,656,1999,0,90940,4316482.382,3768259.756
657,984,657,1999,0,83924,4319324.078,3773304.015
658,985,658,1999,0,91778,4315861.695,3773106.03
659,986,659,1999,0,33946,4320951.824,3770771.166
660,988,660,1999,0,95926,4317079.345,3771762.469
661,989,661,1999,0,56655,4321046.817,3769442.323
662,990,662,1999,0,68818,4316363.204,3770232.65
663,991,663,1999,0,35466,4316715.919,3772995.366
664,995,664,1999,0,96084,4312030.468,3778775.368
665,996,665,1999,0,6583,4334491.944,3762369.808
666,997,666,1999,0,16267,4315526.713,3772352.723
667,998,667,1999,0,12255,4329959.852,3774760.481
668,999,668,1999,0,5203,4316602.625,3771143.639
669,1000,669,1999,0,72531,4315380.811,3770028.191
670,1001,670,1999,0,4298,4316986.19,3770912.585
671,1002,671,1999,0,16677,4319496.158,3768138.115
672,1003,672,1999,0,57530,4317884.658,3771771.916
673,1004,673,1999,0,40317,4319027.971,3782209.656
674,1005,674,1999,0,75774,4318769.592,3775676.104
675,1010,675,1999,0,71098,4315107.294,3770689.162
676,1011,676,1999,0,41058,4316625.428,3770916.002
677,1012,677,1999,0,11959,4313655.838,3766839.971
678,1013,678,1999,0,40220,4313662.709,3768311.718
679,1014,679,1999,0,90301,4315982.717,3771660.194
680,1015,680,1999,0,36046,4319971.727,3776103.033
681,1016,681,1999,0,70247,4315372.285,3771842.957
682,1017,682,1999,0,55249,4312413.899,3762213.383
683,1018,683,1999,0,43271,4315151.622,3770422.665
684,1019,684,1999,0,70318,4319090.797,3772260.155
685,1020,685,1999,0,96854,4314021.429,3766415
686,1021,686,1999,0,78384,4319064.86,3772413.252
687,1022,687,1999,0,5002,4315799.672,3772213.29
688,1023,688,1999,0,37310,4314360.41,3768911.14
689,1024,689,1999,0,87945,4334503.362,3762393.725
690,1025,690,1999,0,1554,4317109.127,3771746.474
691,1026,691,1999,0,96836,4318409.248,3772102.182
692,1029,692,1999,0,16129,4297127.569,3762183.033
693,1030,693,1999,0,78329,4304573.561,3767007.183
694,1031,694,1999,0,90975,4313127.786,3766106.009
695,1032,695,1999,0,24907,4318324.752,3772362.518
696,1033,696,1999,0,83886,4316122.243,3771992.362
697,1034,697,1999,0,62274,4314495.857,3772217.313
698,1035,698,1999,0,70347,4314602.016,3772008.603
699,1036,699,1999,0,36987,4317750.779,3769739.922
700,1037,700,1999,0,58622,4316227.961,3771640.243
701,1038,701,1999,0,29957,4315170.596,3770666.934
702,1039,702,1999,0,21027,4313743.342,3766986.424
703,1040,703,1999,0,38084,4317704.282,3774182.251
704,1041,704,1999,0,19202,4316329.798,3772634.202
705,1042,705,1999,0,22526,4312199.138,3762570.132
706,1043,706,1999,0,17008,4328880.949,3773738.174
707,1044,707,1999,0,51482,4317045.565,3770393.078
708,1045,708,1999,0,81250,4320201.337,3770340.265
709,1046,709,1999,0,42104,4316240.895,3771861.912
710,1048,710,1999,0,86100,4315952.289,3767160.999
711,1050,711,1999,0,97306,4316176.791,3771702.311
712,1051,712,1999,0,69229,4316053.346,3767234.335
713,1052,713,1999,0,28858,4318458.304,3770182.176
714,1053,714,1999,0,75231,4318179.67,3787083.067
715,1054,715,1999,0,36429,4317885.823,3774144.075
716,1055,716,1999,0,74119,4314053.798,3774478.747
717,1056,717,1999,0,61802,4328304.818,3753243.957
718,1059,718,1999,0,66751,4321146.864,3767545.925
719,1064,719,1999,0,24503,4323688.049,3771512.325
720,1065,720,1999,0,74966,4318409.566,3775310.306
721,1066,721,1999,0,69286,4309482.089,3767169.208
722,1069,722,1999,0,13454,4317088.289,3772576.559
723,1070,723,1999,0,41697,4317092.461,3772628.867
724,1071,724,1999,0,78286,4314111.045,3767959.753
725,1072,725,1999,0,4125,4327060.985,3762476.36
726,1079,726,1999,0,47027,4315741.199,3773029.482
727,1084,727,1999,0,63497,4315939.246,3773105.43
728,1085,728,1999,0,55265,4321629.547,3769224.291
729,1086,729,1999,0,19058,4304613.07,3767051.627
730,1087,730,1999,0,77119,4318258.351,3773854.903
731,1088,731,1999,0,56175,4318043.18,3770862.298
732,1089,732,1999,0,81967,4313886.787,3767152.372
733,1093,733,1999,0,68419,4316688.972,3771614.619
734,1094,734,1999,0,11302,4316083.03,3771951.189
735,1096,735,1999,0,53669,4315989.247,3770442.034
736,1098,736,1999,0,57810,4317522.72,3774624.5
737,1099,737,1999,0,85538,4317699.829,3770234.242
738,1100,738,1999,0,51373,4316441.263,3771771.066
739,1101,739,1999,0,44057,4314987.737,3773752.9
740,1102,740,1999,0,11692,4316859.291,3766995.372
741,1103,741,1999,0,39863,4313724.246,3766931.893
742,1104,742,1999,0,85436,4318749.177,3768476.981
743,1105,743,1999,0,31159,4324565.129,3759359.158
744,1107,744,1999,0,23986,4327119.743,3766419.3
745,1108,745,1999,0,73770,4316901.737,3770738.83
746,1109,746,1999,0,89370,4316286.955,3772608.442
747,1110,747,1999,0,76650,4322003.216,3769847.411
748,1111,748,1999,0,91726,4315939.419,3772297.524
749,1113,749,1999,0,50537,4315990.568,3771692.94
750,1115,750,1999,0,52584,4319476.074,3769078.093
751,1116,751,1999,0,28744,4315891.618,3771630.189
752,1117,752,1999,0,98070,4310785.76,3763304.758
753,1118,753,1999,0,94402,4318241.427,3774662.598
754,1119,754,1999,0,86708,4316942.738,3770449.124
755,1120,755,1999,0,40913,4316167.335,3772899.031
756,1121,756,1999,0,89789,4322326.111,3769737.861
757,1123,757,1999,0,90068,4329924.064,3774758.21
758,1124,758,1999,0,17188,4322002.82,3769747.397
759,1125,759,1999,0,86982,4323615.032,3772404.481
760,1127,760,1999,0,56865,4317834.668,3771008.273
761,1128,761,1999,0,58797,4317449.494,3771631.469
762,1129,762,1999,0,98532,4313216.52,3766208.63
763,1130,763,1999,0,29005,4317240.475,3769720.376
764,1131,764,1999,0,71508,4315676.426,3772244.967
765,1132,765,1999,0,58340,4316031.885,3771494.377
766,1133,766,1999,0,37328,4318388.059,3776855.127
767,1134,767,1999,0,6677,4334409.783,3763347.309
768,1135,768,1999,0,82451,4317514.835,3771501.733
769,1138,769,1999,0,80827,4317082.634,3770926.021
770,1139,770,1999,0,1249,4317540.748,3768976.207
771,1140,771,1999,0,28641,4316419.402,3768312.813
772,1144,772,1999,0,58567,4315987.088,3771858.632
773,1146,773,1999,0,27272,4309427.306,3767129.555
774,1147,774,1999,0,89634,4313637.267,3772615.178
775,1148,775,1999,0,85572,4313687.162,3772673.108
776,1149,776,1999,0,53343,4324095.419,3768375.495
777,1150,777,1999,0,40048,4313678.336,3768421.307
778,1152,778,1999,0,41417,4327147.068,3766020.156
779,1153,779,1999,0,87656,4313270.215,3767015.285
780,1154,780,1999,0,62958,4304581.961,3766494.911
781,1155,781,1999,0,70474,4321074.771,3766478.037
782,1157,782,1999,0,40285,4317559.85,3769559.703
783,1159,783,1999,0,87349,4316263.778,3771753.143
784,1163,784,1999,0,6761,4316398.375,3769783.583
785,1165,785,1999,0,49322,4316107.794,3771653.056
786,1167,786,1999,0,36008,4312851.437,3758511.597
787,1168,787,1999,0,80269,4319690.164,3768038.541
788,1172,788,1999,0,31203,4317658.626,3773903.297
789,1173,789,1999,0,82858,4321011.422,3765407.238
790,1174,790,1999,0,85252,4316435.711,3772573.415
791,1177,791,1999,0,79747,4321993.919,3769195.587
792,1180,792,1999,0,7282,4318827.838,3783908.31
793,1183,793,1999,0,94904,4313133.758,3766287.478
794,1184,794,1999,0,61078,4313250.067,3766497.017
795,1185,795,1999,0,73735,4318786.373,3772159.332
796,1187,796,1999,0,28964,4319141.557,3772349.08
797,1188,797,1999,0,71474,4313687.296,3772773.206
798,1189,798,1999,0,18037,4314376.397,3770108.304
799,1190,799,1999,0,70856,4317956.79,3788178.223
800,1191,800,1999,0,82940,4314269.375,3768835.549
801,1195,801,1999,0,37917,4316323.913,3772864.66
802,1197,802,1999,0,1421,4316101.117,3771863.667
803,1198,803,1999,0,18929,4311930.079,3762061.941
804,1199,804,1999,0,6938,4317915.657,3774002.665
805,1200,805,1999,0,81183,4309347.435,3762225.099
806,1201,806,1999,0,58934,4333597.27,3770158.055
807,1202,807,1999,0,86112,4316180.132,3771628.287
808,1204,808,1999,0,26949,4321450.864,3768990.094
809,1205,809,1999,0,32158,4313119.072,3766229.764
810,1206,810,1999,0,55855,4317451.16,3773097.142
811,1207,811,1999,0,38133,4315625.519,3772133.025
812,1208,812,1999,0,22257,4318915.96,3769343.554
813,1209,813,1999,0,42054,4316144.925,3771627.36
814,1210,814,1999,0,5884,4298789.466,3764858.145
815,1211,815,1999,0,5005,4316664.394,3771707.501
816,1212,816,1999,0,70922,4313979.118,3770389.218
817,1213,817,1999,0,70839,4317551.802,3774553.969
818,1214,818,1999,0,65369,4319388.229,3773386.738
819,1215,819,1999,0,93357,4313965.643,3774297.03
820,1216,820,1999,0,49407,4311961.147,3763270.133
821,1217,821,1999,0,31028,4318638.507,3775779.684
822,1218,822,1999,0,5766,4317649.745,3774033.897
823,1220,823,1999,0,77481,4321965.107,3757804.729
824,1221,824,1999,0,38080,4339659.815,3766183.938
825,1222,825,1999,0,68982,4313157.244,3770212.434
826,1225,826,1999,0,96483,4313239.957,3766384.508
827,1226,827,1999,0,88891,4327106.817,3762492.338
828,1228,828,1999,0,99341,4339836.314,3766356.417
829,1229,829,1999,0,97907,4313395.86,3768933.835
830,1230,830,1999,0,38133,4318835.538,3769245.256
831,1232,831,1999,0,10461,4317496.992,3768818.458
832,1236,832,1999,0,3225,4317604.396,3771015.098
833,1238,833,1999,0,12411,4317107.461,3770337.159
834,1239,834,1999,0,60673,4314488.146,3772151.775
835,1242,835,1999,0,57279,4329020.525,3773279.586
836,1243,836,1999,0,77126,4316579.257,3769834.527
837,1244,837,1999,0,6010,4316025.029,3774326.072
838,1247,838,1999,0,94963,4318709.676,3775636.293
839,1248,839,1999,0,19464,4314690.302,3768219.204
840,1249,840,1999,0,46156,4312523.039,3761549.199
841,1251,841,1999,0,57133,4321639.64,3769278.051
842,1252,842,1999,0,40144,4317681.808,3768518.17
843,1253,843,1999,0,50001,4316140.477,3771865.743
844,1254,844,1999,0,2250,4316499.192,3770173.203
845,1256,845,1999,0,43519,4317758.436,3771939.987
846,1257,846,1999,0,62940,4312254.669,3764172.083
847,1258,847,1999,0,14772,4328074.53,3753660.637
848,1259,848,1999,0,57377,4317153.228,3771317.138
849,1261,849,1999,0,10347,4317015.823,3770355.055
850,1262,850,1999,0,26459,4312906.986,3768780.85
851,1263,851,1999,0,39210,4313036.595,3771985.079
852,1264,852,1999,0,74839,4312299.285,3764852.24
853,1265,853,1999,0,90861,4318308.543,3774853.891
854,1266,854,1999,0,20312,4316197.883,3771959.16
855,1268,855,1999,0,34261,4334619.338,3763438.872
856,1271,856,1999,0,62741,4313152.119,3766314.425
857,1273,857,1999,0,30102,4314500.531,3772465.197
858,1274,858,1999,0,51930,4324129.137,3779315.472
859,1275,859,1999,0,75797,4322181.689,3769849.598
860,1278,860,1999,0,72036,4333005.961,3772307.785
861,1281,861,1999,0,95041,4316153.487,3771749.602
862,1282,862,1999,0,77154,4318642.628,3775326.173
863,1285,863,1999,0,90992,4299224.696,3764175.494
864,1286,864,1999,0,89675,4313916.079,3770361.711
865,1287,865,1999,0,78443,4312021.3,3764443.358
866,1288,866,1999,0,37481,4319211.011,3776019.773
867,1289,867,1999,0,4082,4319360.64,3775677.828
868,1290,868,1999,0,71475,4314777.009,3772333.461
869,1291,869,1999,0,24300,4313249.158,3766251.611
870,1292,870,1999,0,47208,4312126.012,3779521.177
871,1293,871,1999,0,88415,4318814.647,3767636.36
872,1294,872,1999,0,6031,4311799.1,3763476.709
873,1295,873,1999,0,94423,4322277.891,3769906.596
874,1296,874,1999,0,70046,4312099.42,3762527.793
875,1297,875,1999,0,18245,4339688.891,3765573.842
876,1298,876,1999,0,49004,4314495.669,3768302.168
877,1299,877,1999,0,35544,4322136.201,3769868.732
878,1300,878,1999,0,39373,4314516.802,3768348.723
879,1301,879,1999,0,53865,4309471.912,3767204.735
880,1302,880,1999,0,31008,4339763.751,3766358.021
881,1303,881,1999,0,94628,4318654.073,3775844.637
882,1304,882,1999,0,95365,4315331.58,3771926.84
883,1305,883,1999,0,55576,4315885.414,3772968.177
884,1306,884,1999,0,48691,4316338.094,3772574.298
885,1307,885,1999,0,77255,4317334.315,3769979.074
886,1308,886,1999,0,69067,4315292.537,3770697.31
887,1309,887,1999,0,81446,4315472.704,3770495.846
888,1310,888,1999,0,90867,4315028.876,3774599.039
889,1311,889,1999,0,86752,4316170.58,3773532.172
890,1312,890,1999,0,50425,4314475.033,3772949.768
891,1313,891,1999,0,35529,4312637.018,3779511.972
892,1314,892,1999,0,7527,4314517.897,3772417.253
893,1317,893,1999,0,18652,4321158.756,3766476.51
894,1318,894,1999,0,38584,4316564.759,3769809.553
895,1319,895,1999,0,64064,4316589.409,3773921.73
896,1320,896,1999,0,12535,4314742.711,3768053.059
897,1321,897,1999,0,43853,4316382.893,3771727.343
898,1322,898,1999,0,75590,4312312.385,3764445.78
899,1323,899,1999,0,3069,4314816.947,3768711.574
900,1324,900,1999,0,15498,4320197.722,3767676.59
901,1325,901,1999,0,86286,4316138.44,3770916.509
902,1326,902,1999,0,87957,4316064.963,3771850.122
903,1327,903,1999,0,92916,4314299.834,3768008.418
904,1328,904,1999,0,21838,4314503.333,3767692.511
905,1329,905,1999,0,4034,4312073.648,3762771.96
906,1330,906,1999,0,54090,4313739.503,3772872.777
907,1331,907,1999,0,73412,4318891.765,3767842.683
908,1332,908,1999,0,46115,4316417.954,3768402.581
909,1333,909,1999,0,28855,4312836.038,3768801.379
910,1336,910,1999,0,43169,4313563.527,3768378.001
911,1337,911,1999,0,77280,4313623.289,3768439.596
912,1338,912,1999,0,14085,4313626.654,3768380.082
913,1339,913,1999,0,32028,4321160.075,3766524.782
914,1340,914,1999,0,32048,4313791.991,3763256.817
915,1341,915,1999,0,81802,4315861.538,3772936.854
916,1342,916,1999,0,4654,4314340.327,3768660.739
917,1343,917,1999,0,14815,4311953.134,3778960.357
918,1344,918,1999,0,49959,4316150.957,3771650.798
919,1345,919,1999,0,95399,4313115.386,3766260.52
920,1346,920,1999,0,46028,4317271.633,3770979.982
921,1347,921,1999,0,59727,4310587.785,3763113.316
922,1348,922,1999,0,13348,4314834.087,3773665.2
923,1350,923,1999,0,87240,4328564.296,3774845.89
924,1351,924,1999,0,100000,4321735.019,3768918.75
925,1352,925,1999,0,21288,4317997.649,3771896.723
926,1354,926,1999,0,8558,4314811.517,3767642.936
927,1355,927,1999,0,31786,4336904.31,3774382.238
928,1356,928,1999,0,85688,4316014.885,3771727.775
929,1357,929,1999,0,32126,4315492.4,3774081.061
930,1358,930,1999,0,12837,4316139.196,3771779.683
931,1359,931,1999,0,20667,4323674.485,3774481.903
932,1360,932,1999,0,41214,4317293.378,3770864.674
933,1361,933,1999,0,29676,4315063.678,3773897.937
934,1362,934,1999,0,66960,4317058.02,3770049.851
935,1363,935,1999,0,33158,4317043.08,3770122.465
936,1364,936,1999,0,96755,4314663.219,3768852.858
937,1365,937,1999,0,81564,4317847.043,3771446.41
938,1366,938,1999,0,5316,4316164.588,3771418.548
939,1367,939,1999,0,44789,4315908.539,3771765.172
940,1368,940,1999,0,10718,4317834.108,3774025.642
941,1369,941,1999,0,29208,4317908.265,3771376.609
942,1370,942,1999,0,66246,4312053.398,3764283.173
943,1371,943,1999,0,40059,4320784.913,3766736.012
944,1372,944,1999,0,27345,4318171.894,3772095.32
945,1373,945,1999,0,23606,4314726.359,3768367.763
946,1374,946,1999,0,93657,4318594.532,3769144.244
947,1375,947,1999,0,39271,4316065.252,3771452.406
948,1376,948,1999,0,75556,4313954.155,3768623.598
949,1377,949,1999,0,34138,4307297.342,3766956.569
950,1378,950,1999,0,51621,4316006.454,3771850.195
951,1379,951,1999,0,50511,4316593.829,3767354.861
952,1380,952,1999,0,85397,4317035.586,3770262.322
953,1381,953,1999,0,72168,4328327.801,3753077.402
954,1381,954,1999,0,71294,4312467.651,3761791.828
955,1382,955,1999,0,44290,4315346.298,3770137.529
956,1383,956,1999,0,14437,4314844.284,3771908.516
957,1384,957,1999,0,86627,4314500.362,3772183.008
958,1385,958,1999,0,82333,4313926.703,3768684.461
959,1386,959,1999,0,43328,4316411.014,3772811.892
960,1387,960,1999,0,41848,4317675.637,3771364.88
961,1388,961,1999,0,42972,4316603.181,3770558.509
962,1389,962,1999,0,1415,4316394.774,3769946.509
963,1390,963,1999,0,44635,4320980.018,3770853.104
964,1392,964,1999,0,19851,4316208.081,3771876.631
965,1393,965,1999,0,64848,4315438.658,3768821.159
966,1394,966,1999,0,13152,4316035.779,3771652.076
967,1395,967,1999,0,65103,4318000.009,3771838.483
968,1397,968,1999,0,67457,4316673.964,3770550.652
969,1398,969,1999,0,50957,4316422.908,3771588.203
970,1399,970,1999,0,31399,4298733.836,3764476.085
971,1401,971,1999,0,66933,4317229.309,3784808.013
972,1402,972,1999,0,38310,4331960.695,3772866.744
973,1403,973,1999,0,78265,4314809.714,3767766.031
974,1404,974,1999,0,26861,4323709.2,3772601.141
975,1405,975,1999,0,5896,4319344.916,3773397.924
976,1406,976,1999,0,49244,4316378.515,3771616.553
977,1407,977,1999,0,24865,4321186.424,3766391.665
978,1408,978,1999,0,69754,4313190.414,3770161.821
979,1409,979,1999,0,89914,4319418.691,3769331.72
980,1410,980,1999,0,55888,4298933.68,3764349.702
981,1411,981,1999,0,12039,4323826.059,3768324.093
982,1412,982,1999,0,68182,4311447.836,3763592.102
983,1413,983,1999,0,51174,4319226.83,3773029.023
984,1414,984,1999,0,40164,4299216.364,3764130.918
985,1415,985,1999,0,5321,4326963.543,3780575.077
986,1417,986,1999,0,56423,4327987.315,3753863.475
987,1418,987,1999,0,95527,4316712.587,3772560.537
988,1419,988,1999,0,47397,4321722.409,3769158.192
989,1420,989,1999,0,60130,4321626.232,3768978.006
990,1421,990,1999,0,70470,4315615.35,3772054.92
991,1422,991,1999,0,14715,4314742.861,3768571.914
992,1423,992,1999,0,29009,4315952.768,3771826.711
993,1424,993,1999,0,62903,4316372.766,3771587.204
994,1425,994,1999,0,29778,4317341.411,3769670.673
995,1427,995,1999,0,17604,4317308.42,3769630.348
996,1428,996,1999,0,49590,4315807.329,3771716.296
997,1429,997,1999,0,59211,4316642.266,3774343.464
998,1430,998,1999,0,39521,4339731.308,3766019.25
999,1431,999,1999,0,10748,4319062.83,3782677.047
1000,1432,1000,1999,0,71355,4321024.412,3766061.367
